{
  "IndentSize": 4,
  "AttributesTolerance": 3,
  "KeepFirstAttributeOnSameLine": true,
  "MaxAttributeCharactersPerLine": 1,
  "MaxAttributesPerLine": 0,
  "NewlineExemptionElements": "Setter",
  "SeparateByGroups": true,
  "AttributeIndentation": 1,
  "AttributeIndentationStyle": 0,
  "RemoveDesignTimeReferences": true,
  "EnableAttributeReordering": false,
  "AttributeOrderingRuleGroups": [ "x:Class" ],
  "FirstLineAttributes": "x:Name",
  "OrderAttributesByName": false,
  "PutEndingBracketOnNewLine": true,
  "RemoveEndingTagOfEmptyElement": false,
  "SpaceBeforeClosingSlash": false,
  "RootElementLineBreakRule": 1,
  "ReorderVSM": 1,
  "ReorderGridChildren": true,
  "ReorderCanvasChildren": true,
  "ReorderSetters": 1,
  "FormatMarkupExtension": false,
  "NoNewLineMarkupExtensions": "Binding",
  "ThicknessSeparator": 1,
  "ThicknessAttributes": "Margin",
  "FormatOnSave": false,
  "SaveAndCloseOnFormat": false,
  "CommentPadding": 3
}