{
  "AttributesTolerance": 2,
  "KeepFirstAttributeOnSameLine": false,
  "MaxAttributeCharactersPerLine": 0,
  "MaxAttributesPerLine": 1,
  "NewlineExemptionElements": "RadialGradientBrush, GradientStop, LinearGradientBrush, ScaleTransform, SkewTransform, RotateTransform, TranslateTransform, Trigger, Condition, Setter",
  "SeparateByGroups": false,
  "AttributeIndentation": 0,
  "AttributeIndentationStyle": 1,
  "EnableAttributeReordering": true,
  "RemoveDesignTimeReferences": false,
  "AttributeOrderingRuleGroups": [
    "x:Class",
    "xmlns, xmlns:x",
    "xmlns:*",
    "x:Key, Key, x:Name, Name, x:Uid, Uid, Title",
    "Grid.Row, Grid.RowSpan, Grid.Column, Grid.ColumnSpan, Canvas.Left, Canvas.Top, Canvas.Right, Canvas.Bottom",
    "Width, Height, MinWidth, MinHeight, MaxWidth, MaxHeight",
    "Margin, Padding, HorizontalAlignment, VerticalAlignment, HorizontalContentAlignment, VerticalContentAlignment, Panel.ZIndex",
    "*:*, *",
    "PageSource, PageIndex, Offset, Color, TargetName, Property, Value, StartPoint, EndPoint",
    "mc:Ignorable, d:IsDataSource, d:LayoutOverrides, d:IsStaticText",
    "Storyboard.*, From, To, Duration"
  ],
  "FirstLineAttributes": "",
  "OrderAttributesByName": true,
  "PutEndingBracketOnNewLine": false,
  "RemoveEndingTagOfEmptyElement": true,
  "SpaceBeforeClosingSlash": true,
  "RootElementLineBreakRule": 0,
  "ReorderVSM": 2,
  "ReorderGridChildren": false,
  "ReorderCanvasChildren": false,
  "ReorderSetters": 0,
  "FormatMarkupExtension": true,
  "NoNewLineMarkupExtensions": "x:Bind, Binding",
  "ThicknessSeparator": 2,
  "ThicknessAttributes": "Margin, Padding, BorderThickness, ThumbnailClipMargin",
  "FormatOnSave": true,
  "SaveAndCloseOnFormat": true,
  "CommentPadding": 2,
  "TestBool": true,
  "TestInt": 1,
  "TestString": "Test"
}